precision,recall,f1_score,accuracy,map50,map
0.009359731025714964,1.0,[   0.018546],0.5046798655128575,0.9283333333333333,0.6420752424242424
